9,0.6953125,0.41796875,0.765625,0.8046875,0.78125,0.8125,0.8515625,0.83203125,0.87109375,0.84375
109,0.6855469,0.40429688,0.7871094,0.7871094,0.765625,0.8183594,0.8378906,0.8261719,0.8378906,0.8515625
209,0.7005208,0.3997396,0.7682292,0.77213544,0.7552083,0.83463544,0.8359375,0.828125,0.83463544,0.8515625
309,0.71191406,0.3984375,0.76953125,0.7792969,0.7597656,0.83691406,0.8300781,0.83984375,0.8359375,0.85058594
409,0.7140625,0.396875,0.76640624,0.7757813,0.75703126,0.8390625,0.83671874,0.83984375,0.8375,0.8453125
509,0.7239583,0.40234375,0.7688802,0.78059894,0.76497394,0.8470052,0.83463544,0.8411458,0.84244794,0.84440106
609,0.7254464,0.41015625,0.765625,0.7728795,0.76171875,0.8498884,0.8364955,0.83984375,0.84151787,0.84095985
709,0.7207031,0.4111328,0.76220703,0.7709961,0.76220703,0.8457031,0.83203125,0.8364258,0.8354492,0.8378906
809,0.72005206,0.41319445,0.75390625,0.765625,0.75477433,0.8411458,0.8307292,0.83376735,0.83289933,0.8376736
909,0.72382814,0.41367188,0.7511719,0.76523435,0.74960935,0.8359375,0.82539064,0.8296875,0.8324219,0.83515626
1009,0.7212358,0.4119318,0.7535511,0.7631392,0.74857956,0.8338068,0.8227983,0.828125,0.83451706,0.8334517
1109,0.7154948,0.41373697,0.75130206,0.75911456,0.7467448,0.83496094,0.81933594,0.8284505,0.8336589,0.83203125
1209,0.7088341,0.4080529,0.7442909,0.7527043,0.7376803,0.82842547,0.81280047,0.82121396,0.8245192,0.8239183
1309,0.7098214,0.40625,0.7441406,0.750279,0.73716515,0.8295201,0.81584823,0.8219866,0.828125,0.82477677
1409,0.7091146,0.40104166,0.7421875,0.75130206,0.7367188,0.82604164,0.809375,0.81927085,0.8252604,0.82395834
1509,0.7050781,0.39526367,0.7402344,0.7463379,0.7368164,0.8239746,0.8066406,0.8166504,0.8234863,0.8203125
1609,0.7058824,0.39453125,0.73828125,0.7449449,0.7366728,0.8212316,0.8028493,0.81456804,0.8200827,0.8180147
1709,0.6990017,0.3923611,0.7315538,0.734592,0.72764754,0.8096788,0.7960069,0.80533856,0.81488717,0.8105469
1809,0.6965461,0.38877466,0.72738487,0.72759044,0.72491777,0.802426,0.7931743,0.80324835,0.81044406,0.8065378
1909,0.6933594,0.3890625,0.7228516,0.725,0.721875,0.7992188,0.79296875,0.8017578,0.80722654,0.8035156
2009,0.68964845,0.38378906,0.7146484,0.7140625,0.71367186,0.79433596,0.7861328,0.7955078,0.7984375,0.7966797
2109,0.68847656,0.38066405,0.7068359,0.70839846,0.7109375,0.790625,0.78085935,0.79179686,0.79296875,0.7876953
2209,0.6855469,0.3794922,0.7060547,0.70585936,0.7089844,0.7853516,0.7783203,0.7875,0.7908203,0.78222656
2309,0.68125,0.3767578,0.7013672,0.6994141,0.70390624,0.78125,0.7769531,0.78203124,0.7867187,0.77675784
2409,0.6779297,0.37441406,0.7001953,0.69785154,0.7007812,0.7792969,0.77265626,0.7806641,0.7853516,0.77441406
2509,0.6716797,0.3701172,0.69433594,0.69316405,0.6935547,0.7753906,0.7703125,0.7765625,0.7796875,0.7697266
2609,0.6689453,0.36640626,0.6941406,0.6916016,0.6917969,0.77089846,0.7658203,0.77304685,0.77441406,0.76660156
2709,0.66621095,0.36289063,0.6916016,0.6873047,0.6886719,0.7679688,0.7640625,0.7722656,0.77421874,0.76464844
2809,0.6634766,0.3605469,0.69003904,0.68671876,0.6859375,0.76816404,0.7607422,0.7703125,0.7720703,0.7619141
2909,0.6580078,0.3578125,0.6875,0.68359375,0.68789065,0.7675781,0.76230466,0.76894534,0.77089846,0.76054686
3009,0.65527344,0.3560547,0.68359375,0.6794922,0.684375,0.7658203,0.75878906,0.7650391,0.76523435,0.7548828
3109,0.65585935,0.35429686,0.6873047,0.6785156,0.68496096,0.7619141,0.75683594,0.7615234,0.7626953,0.7519531
3209,0.65585935,0.35351562,0.6861328,0.68007815,0.6863281,0.76171875,0.7591797,0.76113284,0.76523435,0.75449216
3309,0.6521484,0.35019532,0.684375,0.67890626,0.68300784,0.7591797,0.7537109,0.7595703,0.75742185,0.75097656
3409,0.6507813,0.34882814,0.684375,0.6736328,0.67753905,0.76113284,0.7558594,0.76113284,0.75859374,0.7488281
3509,0.65058595,0.35410157,0.6833984,0.67636716,0.675,0.7591797,0.75703126,0.7613281,0.75742185,0.7484375
3609,0.64882815,0.35292968,0.68125,0.6753906,0.67265624,0.75878906,0.7589844,0.7615234,0.7580078,0.7476562
3709,0.653125,0.35410157,0.6820313,0.6810547,0.6785156,0.76777345,0.7625,0.7662109,0.7595703,0.7529297
3809,0.65058595,0.3546875,0.6832031,0.6826172,0.6761719,0.7710937,0.76289064,0.76308596,0.7597656,0.75390625
3909,0.65234375,0.35136718,0.68789065,0.6833984,0.67714846,0.77421874,0.7625,0.7638672,0.75878906,0.7541016
4009,0.65625,0.3527344,0.69316405,0.6929687,0.68066406,0.77851564,0.7658203,0.7669922,0.7644531,0.75742185
4109,0.65351564,0.35722655,0.6941406,0.6958984,0.68066406,0.77871096,0.7662109,0.76875,0.7685547,0.7613281
4209,0.65410155,0.35585937,0.6955078,0.6947266,0.6798828,0.77792966,0.76601565,0.7720703,0.76816404,0.7626953
4309,0.65292966,0.35957032,0.6955078,0.6972656,0.6814453,0.77851564,0.76464844,0.7732422,0.7685547,0.7644531
4409,0.6533203,0.35703126,0.69199216,0.69570315,0.6810547,0.7748047,0.76289064,0.7691406,0.7642578,0.76289064
4509,0.6539062,0.35625,0.69453126,0.69453126,0.68359375,0.77128905,0.76113284,0.7685547,0.7613281,0.76171875
4609,0.6542969,0.3546875,0.690625,0.69453126,0.6857422,0.7710937,0.7613281,0.7693359,0.76484376,0.7601563
4709,0.653125,0.3546875,0.69023436,0.69609374,0.68535155,0.77128905,0.7595703,0.76894534,0.7626953,0.7576172
4809,0.6515625,0.35566407,0.69433594,0.6951172,0.68789065,0.77070314,0.76113284,0.7703125,0.7644531,0.7572266
4909,0.65058595,0.35390624,0.69804686,0.6970703,0.6886719,0.7699219,0.7597656,0.7720703,0.7632812,0.75820315
5009,0.6503906,0.3544922,0.69570315,0.6972656,0.68789065,0.76875,0.76035154,0.7722656,0.76289064,0.7595703
5109,0.64570314,0.3527344,0.6839844,0.69375,0.6802734,0.759375,0.7560547,0.76601565,0.7583984,0.75078124
5209,0.64160156,0.35410157,0.68046874,0.68710935,0.67714846,0.75507814,0.7482422,0.76289064,0.75273436,0.7464844
5309,0.63789064,0.3546875,0.6742188,0.6832031,0.6738281,0.74902344,0.74492186,0.75625,0.75,0.7404297
5409,0.63496095,0.35566407,0.67089844,0.68242186,0.6765625,0.7435547,0.7427734,0.7513672,0.7453125,0.7375
5509,0.6328125,0.35117188,0.6660156,0.67636716,0.6736328,0.7404297,0.7392578,0.7476562,0.7421875,0.7357422
5609,0.6304687,0.3527344,0.6660156,0.6755859,0.66972655,0.73964846,0.7357422,0.74726564,0.7380859,0.73476565
5709,0.6279297,0.3486328,0.66679686,0.6765625,0.6664063,0.7384766,0.73710936,0.74785155,0.7378906,0.7328125
5809,0.6314453,0.34902343,0.6689453,0.6791016,0.66855466,0.7408203,0.7378906,0.7517578,0.7408203,0.7328125
5909,0.62890625,0.3503906,0.6671875,0.68007815,0.6707031,0.7378906,0.73769534,0.753125,0.74296874,0.7324219
6009,0.6255859,0.353125,0.66503906,0.67695314,0.6695312,0.7380859,0.73691404,0.75390625,0.73964846,0.73046875
6109,0.6292969,0.35097656,0.6646484,0.67636716,0.6701172,0.7390625,0.7402344,0.7554687,0.73964846,0.7326172
6209,0.6285156,0.3527344,0.6634766,0.67890626,0.6738281,0.74140626,0.7408203,0.7546875,0.740625,0.73222655
6309,0.63027346,0.34628907,0.6654297,0.6791016,0.6736328,0.7423828,0.7392578,0.7535156,0.7419922,0.7308594
6409,0.6292969,0.3466797,0.6638672,0.678125,0.67148435,0.74121094,0.73886716,0.7535156,0.740625,0.73105466
6509,0.6285156,0.3484375,0.6646484,0.678125,0.671875,0.74492186,0.7402344,0.7560547,0.7457031,0.7345703
6609,0.62773436,0.3486328,0.6683594,0.67890626,0.6703125,0.7439453,0.7402344,0.75449216,0.7453125,0.7361328
6709,0.6292969,0.35097656,0.6675781,0.6755859,0.66875,0.7408203,0.73828125,0.74902344,0.7439453,0.7337891
6809,0.6298828,0.34785157,0.66738284,0.6759766,0.6705078,0.7402344,0.7373047,0.7482422,0.74316406,0.7328125
6909,0.6310547,0.34902343,0.6677734,0.6773437,0.66484374,0.74316406,0.73886716,0.7462891,0.74316406,0.7324219
7009,0.63183594,0.35019532,0.6703125,0.67871094,0.66660154,0.7435547,0.7416016,0.74902344,0.7421875,0.7326172
7109,0.6363281,0.35058594,0.67753905,0.6826172,0.67089844,0.75449216,0.7458984,0.7560547,0.74492186,0.7423828
7209,0.6394531,0.35175782,0.6826172,0.6886719,0.6734375,0.75878906,0.7511719,0.7580078,0.7458984,0.74433595
7309,0.6443359,0.3527344,0.68828124,0.69140625,0.67753905,0.7609375,0.7566406,0.7625,0.7498047,0.7480469
7409,0.6464844,0.3548828,0.690625,0.6933594,0.67753905,0.7619141,0.75742185,0.765625,0.7480469,0.7480469
7509,0.64941406,0.35664064,0.69570315,0.69570315,0.6798828,0.76484376,0.7583984,0.7685547,0.75214845,0.7494141
7609,0.6490234,0.35585937,0.6982422,0.6984375,0.6839844,0.76640624,0.7621094,0.7693359,0.7578125,0.75253904
7709,0.6533203,0.3576172,0.70273435,0.70039064,0.6888672,0.76660156,0.76230466,0.77421874,0.7597656,0.75449216
7809,0.6484375,0.3582031,0.69863284,0.7001953,0.6861328,0.7621094,0.7601563,0.77089846,0.75527346,0.7542969
7909,0.6470703,0.35859376,0.69980466,0.6994141,0.6833984,0.7650391,0.76054686,0.76953125,0.7535156,0.75683594
8009,0.6515625,0.3576172,0.7042969,0.70039064,0.68671876,0.7654297,0.76230466,0.77089846,0.7576172,0.76035154
8109,0.65292966,0.35664064,0.70839846,0.7015625,0.6876953,0.7671875,0.76289064,0.77070314,0.75878906,0.7619141
8209,0.6542969,0.35839844,0.70625,0.7025391,0.68710935,0.7671875,0.76464844,0.7714844,0.759375,0.7640625
8309,0.6550781,0.36191407,0.7068359,0.70234376,0.6886719,0.7685547,0.76777345,0.77265626,0.7621094,0.7671875
8409,0.6556641,0.3640625,0.7144531,0.7054688,0.6917969,0.7734375,0.76953125,0.7796875,0.7654297,0.7693359
8509,0.6550781,0.36484376,0.7150391,0.70644534,0.69023436,0.7720703,0.77128905,0.77910155,0.765625,0.7693359
8609,0.65625,0.36699218,0.7167969,0.70761716,0.690625,0.7751953,0.77441406,0.78515625,0.76484376,0.7703125
8709,0.6582031,0.36445314,0.7205078,0.7115234,0.6941406,0.77871096,0.78027344,0.79179686,0.76894534,0.7775391
8809,0.6568359,0.36523438,0.715625,0.7125,0.69453126,0.778125,0.7771484,0.7908203,0.76640624,0.77734375
8909,0.66015625,0.365625,0.7158203,0.7103516,0.69785154,0.7751953,0.7783203,0.79472655,0.76835936,0.7783203
9009,0.6646484,0.36347657,0.71660155,0.7111328,0.7025391,0.7783203,0.7792969,0.7966797,0.77304685,0.7814453
9109,0.6621094,0.36308593,0.7169922,0.7107422,0.703125,0.7753906,0.7796875,0.79765624,0.7746094,0.78164065
9209,0.6634766,0.3626953,0.71542966,0.7125,0.70625,0.778125,0.78222656,0.8005859,0.7796875,0.78339845
9309,0.6625,0.36503905,0.71621096,0.7132813,0.70878905,0.7824219,0.78222656,0.803125,0.7806641,0.7859375
9409,0.6603516,0.3642578,0.7150391,0.71171874,0.71015626,0.78125,0.7835938,0.80078125,0.78515625,0.78632814
9509,0.6623047,0.36464843,0.71835935,0.71425784,0.7121094,0.7835938,0.78828126,0.80390626,0.7861328,0.7841797
9609,0.65878904,0.36347657,0.71542966,0.7109375,0.71054685,0.7800781,0.7849609,0.80019534,0.78222656,0.7769531
9709,0.6599609,0.3642578,0.7175781,0.7128906,0.7123047,0.7826172,0.78574216,0.79902345,0.7841797,0.7789062
9809,0.6654297,0.3642578,0.72128904,0.7158203,0.7181641,0.7888672,0.7892578,0.80429685,0.7892578,0.78398436
9909,0.6734375,0.36679688,0.7222656,0.7175781,0.7207031,0.7910156,0.79121095,0.8060547,0.7921875,0.784375
10009,0.6736328,0.36933595,0.72265625,0.71835935,0.72128904,0.7902344,0.79179686,0.8048828,0.7914063,0.7847656
10109,0.67519534,0.3720703,0.7228516,0.7216797,0.7234375,0.7921875,0.7910156,0.8048828,0.79121095,0.78691405
10209,0.6773437,0.37089843,0.72753906,0.721875,0.72324216,0.7949219,0.7927734,0.80800784,0.79296875,0.78691405
10309,0.6796875,0.37265626,0.7285156,0.7236328,0.7253906,0.7939453,0.79433596,0.809375,0.7919922,0.7873047
10409,0.6833984,0.37636718,0.7267578,0.72324216,0.7289063,0.79472655,0.7951172,0.8052734,0.7921875,0.7876953
10509,0.684375,0.378125,0.7248047,0.72441405,0.7302734,0.7957031,0.7951172,0.80625,0.7888672,0.7888672
10609,0.6861328,0.37753907,0.7253906,0.72558594,0.73359376,0.7966797,0.7953125,0.803125,0.7908203,0.7896484
10709,0.69003904,0.38066405,0.72753906,0.7267578,0.73515624,0.8005859,0.79648435,0.8033203,0.7919922,0.78867185
10809,0.6933594,0.38085938,0.7330078,0.7263672,0.73359376,0.80019534,0.8017578,0.8048828,0.79296875,0.7902344
10909,0.69316405,0.38144532,0.73164064,0.7300781,0.7349609,0.80429685,0.80078125,0.8027344,0.7933594,0.7904297
11009,0.6910156,0.38242188,0.7345703,0.73164064,0.7320312,0.80136716,0.7988281,0.8015625,0.79296875,0.7919922
11109,0.6939453,0.38515624,0.73476565,0.7324219,0.7324219,0.80371094,0.8011719,0.80390626,0.7966797,0.79179686
11209,0.6964844,0.38203126,0.74003905,0.7320312,0.7306641,0.80429685,0.80019534,0.80566406,0.79765624,0.7904297
11309,0.69863284,0.38085938,0.74296874,0.7341797,0.72988284,0.80371094,0.80078125,0.8070313,0.7986328,0.79296875
11409,0.7046875,0.38046876,0.7453125,0.7378906,0.7306641,0.8095703,0.8023437,0.81210935,0.80019534,0.79785156
11509,0.7054688,0.38066405,0.74316406,0.740625,0.73164064,0.8111328,0.8009766,0.8107422,0.80195314,0.8048828
11609,0.70996094,0.3779297,0.75,0.7439453,0.7328125,0.8138672,0.8058594,0.8160156,0.80507815,0.8125
11709,0.69980466,0.375,0.73515624,0.7330078,0.7224609,0.8003906,0.79296875,0.8041016,0.7927734,0.80371094
11809,0.70058596,0.37558594,0.73710936,0.7332031,0.72128904,0.8009766,0.7951172,0.80429685,0.79472655,0.8023437
11909,0.6958984,0.3720703,0.7345703,0.7332031,0.72207034,0.80078125,0.7957031,0.80371094,0.79609376,0.803125
12009,0.6941406,0.36816406,0.7345703,0.7345703,0.72128904,0.80253905,0.7949219,0.80566406,0.79785156,0.8058594
12109,0.69609374,0.36757812,0.7355469,0.73105466,0.71914065,0.8029297,0.79765624,0.80800784,0.79941404,0.8023437
12209,0.69570315,0.36582032,0.73710936,0.73222655,0.7181641,0.8015625,0.7949219,0.8066406,0.7984375,0.80253905
12309,0.69492185,0.36660156,0.73886716,0.7330078,0.71875,0.80253905,0.796875,0.8082031,0.79960936,0.80371094
12409,0.6953125,0.36523438,0.74121094,0.73398435,0.71914065,0.8035156,0.79902345,0.809375,0.80214846,0.8052734
12509,0.6994141,0.3626953,0.74609375,0.7363281,0.72324216,0.8066406,0.8005859,0.8113281,0.80742186,0.8060547
12609,0.6970703,0.3626953,0.7445313,0.73535156,0.7205078,0.8064453,0.8015625,0.8125,0.8105469,0.8082031
12709,0.6970703,0.3611328,0.7445313,0.73886716,0.7199219,0.80429685,0.80253905,0.8130859,0.80976564,0.8105469
12809,0.6994141,0.3638672,0.74667966,0.74375,0.72324216,0.80800784,0.8029297,0.8173828,0.815625,0.81328124
12909,0.7,0.36621094,0.74960935,0.7421875,0.7267578,0.80742186,0.8027344,0.81953126,0.8171875,0.8136719
13009,0.6988281,0.3683594,0.7470703,0.74179685,0.72871095,0.8107422,0.8060547,0.82109374,0.81777346,0.8160156
13109,0.70351565,0.3660156,0.7505859,0.7441406,0.73222655,0.8123047,0.8087891,0.8201172,0.8179687,0.8185547
13209,0.70351565,0.3701172,0.75039065,0.74667966,0.7359375,0.8125,0.8125,0.82363284,0.81992185,0.82363284
13309,0.70234376,0.37148437,0.7494141,0.7486328,0.7373047,0.81503904,0.81152344,0.82304686,0.82246095,0.8232422
13409,0.70097655,0.37304688,0.7515625,0.7482422,0.7384766,0.81640625,0.8144531,0.82285154,0.8257812,0.8251953
13509,0.70234376,0.37539062,0.75449216,0.7480469,0.7392578,0.8189453,0.81640625,0.82597655,0.8269531,0.8244141
13609,0.7097656,0.3816406,0.7529297,0.7470703,0.7453125,0.8226563,0.81816405,0.82773435,0.8292969,0.825
13709,0.72148436,0.38808593,0.7667969,0.7580078,0.75507814,0.8394531,0.8347656,0.8421875,0.84277344,0.8353516
13809,0.7230469,0.38789064,0.7699219,0.7591797,0.75703126,0.8408203,0.8359375,0.84160155,0.8439453,0.83339846
13909,0.72734374,0.39160156,0.7751953,0.7597656,0.7572266,0.84277344,0.8361328,0.84414065,0.84628904,0.8353516
14009,0.72988284,0.3935547,0.77597654,0.75742185,0.7591797,0.8453125,0.83867186,0.8457031,0.8453125,0.8339844
14109,0.72871095,0.39472657,0.7763672,0.7597656,0.76054686,0.8474609,0.83847654,0.8453125,0.8460938,0.8373047
14209,0.7314453,0.39746094,0.77617186,0.75859374,0.76347655,0.846875,0.8394531,0.8453125,0.84628904,0.83867186
14309,0.7308594,0.39628905,0.7736328,0.7583984,0.76171875,0.8501953,0.8390625,0.8460938,0.84707034,0.8375
14409,0.73125,0.39746094,0.77246094,0.759375,0.7621094,0.85234374,0.84042966,0.84882814,0.84902346,0.8371094
14509,0.73125,0.39804688,0.76894534,0.7591797,0.7597656,0.85078126,0.8417969,0.8480469,0.8501953,0.8347656
14609,0.73515624,0.39804688,0.76894534,0.7591797,0.7601563,0.8527344,0.8394531,0.84882814,0.85,0.83554685
14709,0.7337891,0.39824218,0.7693359,0.7576172,0.7595703,0.8576172,0.83984375,0.8513672,0.8552734,0.8359375
14809,0.7328125,0.39785156,0.7699219,0.75878906,0.7597656,0.8605469,0.8414062,0.85058594,0.85546875,0.8378906
14909,0.7345703,0.396875,0.77070314,0.7589844,0.7595703,0.86210936,0.8443359,0.8513672,0.8558594,0.8373047
15009,0.7341797,0.39199218,0.7699219,0.75820315,0.7564453,0.8599609,0.8425781,0.84765625,0.85253906,0.834375
15109,0.7326172,0.390625,0.76601565,0.7560547,0.7566406,0.8574219,0.8402344,0.8466797,0.85,0.83203125
15209,0.73164064,0.39003906,0.7685547,0.75683594,0.75703126,0.8587891,0.8390625,0.84628904,0.8496094,0.8304688
15309,0.7355469,0.3923828,0.7714844,0.7558594,0.75859374,0.85898435,0.84101564,0.8466797,0.8496094,0.8318359
15409,0.7341797,0.390625,0.77246094,0.7578125,0.7580078,0.85722655,0.8400391,0.8455078,0.8466797,0.8310547
15509,0.73183596,0.39042968,0.7716797,0.7572266,0.75878906,0.8546875,0.8390625,0.8449219,0.8455078,0.83125
15609,0.72734374,0.39003906,0.7732422,0.76054686,0.75742185,0.8576172,0.83808595,0.8455078,0.8457031,0.8318359
15709,0.72558594,0.3861328,0.7734375,0.76113284,0.7566406,0.8552734,0.83808595,0.84414065,0.8453125,0.8304688
15809,0.72617185,0.39023438,0.77265626,0.7638672,0.7589844,0.85488284,0.83808595,0.8484375,0.84472656,0.834375
15909,0.72753906,0.38867188,0.7693359,0.7640625,0.7595703,0.8527344,0.8400391,0.84765625,0.84296876,0.8328125
16009,0.7283203,0.3873047,0.76953125,0.7650391,0.7601563,0.8503906,0.8394531,0.846875,0.84453124,0.834375
16109,0.7277344,0.3839844,0.76875,0.7638672,0.7595703,0.8486328,0.8373047,0.8455078,0.84335935,0.82890624
16209,0.72402346,0.38046876,0.7636719,0.7595703,0.75683594,0.8449219,0.8341797,0.8394531,0.83867186,0.8265625
16309,0.7242187,0.37929687,0.7640625,0.7566406,0.75527346,0.83925784,0.83125,0.8376953,0.8359375,0.8244141
16409,0.72265625,0.378125,0.76347655,0.7566406,0.7542969,0.8361328,0.83144534,0.8341797,0.8357422,0.82480466
16509,0.7210938,0.37753907,0.7638672,0.75703126,0.7511719,0.83554685,0.8310547,0.8345703,0.8335937,0.82773435
16609,0.7171875,0.37714845,0.76523435,0.7566406,0.7488281,0.8341797,0.8324219,0.8357422,0.8328125,0.8240234
16709,0.7164062,0.37539062,0.7654297,0.75449216,0.7476562,0.83144534,0.8292969,0.8328125,0.8267578,0.8205078
16809,0.71660155,0.37480468,0.7621094,0.7501953,0.7433594,0.82734376,0.8310547,0.82910156,0.82109374,0.81699216
16909,0.71308595,0.37265626,0.75878906,0.74492186,0.73964846,0.82421875,0.8275391,0.8279297,0.8189453,0.8173828
17009,0.71621096,0.37714845,0.7609375,0.7476562,0.7433594,0.82539064,0.82773435,0.8298828,0.82070315,0.8179687
17109,0.7164062,0.3794922,0.7601563,0.75097656,0.7453125,0.82714844,0.8275391,0.8324219,0.8222656,0.8191406
17209,0.7193359,0.38144532,0.75820315,0.7488281,0.74316406,0.828125,0.8269531,0.8316406,0.8220703,0.81992185
17309,0.71542966,0.37773436,0.7572266,0.7484375,0.7435547,0.8275391,0.8265625,0.8300781,0.82070315,0.8183594
17409,0.7037109,0.3779297,0.7398437,0.73398435,0.7314453,0.81328124,0.80917966,0.8142578,0.80429685,0.8005859
17509,0.70214844,0.37558594,0.7375,0.7328125,0.72910154,0.80996096,0.80800784,0.81328124,0.8009766,0.7986328
17609,0.69980466,0.3761719,0.734375,0.7306641,0.7253906,0.8048828,0.8070313,0.80722654,0.7986328,0.79472655
17709,0.69804686,0.37734374,0.7300781,0.72402346,0.72207034,0.8011719,0.8017578,0.8035156,0.7953125,0.7908203
17809,0.6939453,0.3738281,0.7267578,0.7189453,0.71835935,0.79960936,0.7986328,0.7951172,0.79179686,0.7861328
17909,0.6876953,0.3734375,0.72617185,0.71796876,0.7167969,0.7970703,0.79355466,0.7921875,0.7888672,0.78378904
18009,0.6826172,0.36972657,0.7242187,0.7171875,0.7144531,0.7957031,0.7914063,0.7902344,0.7841797,0.78085935
18109,0.68125,0.37109375,0.72578126,0.7169922,0.71484375,0.7962891,0.79296875,0.7914063,0.78515625,0.78339845
18209,0.6785156,0.3720703,0.7283203,0.7224609,0.7132813,0.80019534,0.79609376,0.7966797,0.7902344,0.7849609
18309,0.6761719,0.37363282,0.72929686,0.7265625,0.7150391,0.8035156,0.7988281,0.7988281,0.790625,0.7896484
18409,0.6779297,0.37246093,0.72929686,0.72402346,0.7140625,0.8060547,0.7982422,0.8,0.7892578,0.7878906
18509,0.6791016,0.3738281,0.73046875,0.72207034,0.7173828,0.8058594,0.79589844,0.8011719,0.790625,0.7884766
18609,0.6810547,0.37402344,0.73164064,0.7248047,0.7236328,0.8060547,0.7966797,0.8009766,0.79003906,0.7914063
18709,0.68417966,0.37597656,0.73125,0.72558594,0.72578126,0.8078125,0.79902345,0.8017578,0.7927734,0.7953125
18809,0.68496096,0.37597656,0.73398435,0.72753906,0.72910154,0.80917966,0.7966797,0.8064453,0.7966797,0.79765624
18909,0.68652344,0.3767578,0.7326172,0.73515624,0.7320312,0.81171876,0.79941404,0.8070313,0.7962891,0.7988281
19009,0.6855469,0.37714845,0.7332031,0.7337891,0.73164064,0.81503904,0.80195314,0.8111328,0.7986328,0.80078125
19109,0.6839844,0.3779297,0.7359375,0.7337891,0.728125,0.81816405,0.80429685,0.80976564,0.7986328,0.8027344
19209,0.68417966,0.37578124,0.7386719,0.7367188,0.73164064,0.81777346,0.8052734,0.8095703,0.8009766,0.80507815
19309,0.68789065,0.37773436,0.73828125,0.7380859,0.72929686,0.8203125,0.80742186,0.8123047,0.80390626,0.8082031
19409,0.7037109,0.37929687,0.7564453,0.7546875,0.7480469,0.8394531,0.82773435,0.8316406,0.8216797,0.82910156
19509,0.70644534,0.38300782,0.759375,0.7580078,0.7494141,0.8431641,0.8324219,0.8330078,0.825,0.8300781
19609,0.709375,0.38046876,0.76113284,0.7609375,0.75214845,0.84472656,0.834375,0.8390625,0.82910156,0.8341797
19709,0.7123047,0.37929687,0.7658203,0.76601565,0.7578125,0.85058594,0.8388672,0.84472656,0.83339846,0.84101564
19809,0.7189453,0.37871093,0.7693359,0.7699219,0.7601563,0.853125,0.84277344,0.8515625,0.83691406,0.8449219
19909,0.72128904,0.37773436,0.77304685,0.7746094,0.7636719,0.8564453,0.8449219,0.85546875,0.8419922,0.8480469
20009,0.72617185,0.38300782,0.77597654,0.7777344,0.76523435,0.8595703,0.8480469,0.8580078,0.84707034,0.8517578
20109,0.72753906,0.3828125,0.77617186,0.78027344,0.7654297,0.8580078,0.84902346,0.86015624,0.8472656,0.8552734
20209,0.7294922,0.38378906,0.7769531,0.7810547,0.76875,0.8591797,0.85,0.8613281,0.8472656,0.85429686
20309,0.7324219,0.38339844,0.778125,0.78046876,0.7675781,0.8609375,0.84902346,0.859375,0.8496094,0.85234374
20409,0.7296875,0.38339844,0.7765625,0.78222656,0.76484376,0.85898435,0.8492187,0.86035156,0.85058594,0.85371095
20509,0.7306641,0.38183594,0.7775391,0.7849609,0.7638672,0.8625,0.8521484,0.85898435,0.8501953,0.853125
20609,0.73183596,0.3816406,0.77675784,0.7849609,0.7621094,0.8617188,0.85410154,0.8591797,0.84941405,0.8546875
20709,0.73046875,0.3828125,0.7771484,0.7847656,0.7626953,0.8609375,0.8550781,0.8623047,0.8509766,0.8521484
20809,0.7296875,0.38261718,0.7777344,0.78457034,0.765625,0.86191404,0.85664064,0.8623047,0.8496094,0.85253906
20909,0.73183596,0.38183594,0.7828125,0.7830078,0.7644531,0.8628906,0.8576172,0.8640625,0.8529297,0.8533203
21009,0.7355469,0.38222656,0.78398436,0.7835938,0.7642578,0.86269534,0.85898435,0.8636719,0.85429686,0.8521484
21109,0.73945314,0.38203126,0.7884766,0.7841797,0.7669922,0.8640625,0.8609375,0.8677734,0.85664064,0.8533203
21209,0.73964846,0.384375,0.78652346,0.78515625,0.76875,0.8666016,0.8630859,0.87050784,0.85859376,0.85253906
21309,0.74003905,0.3828125,0.7867187,0.78808594,0.7703125,0.8671875,0.8642578,0.8720703,0.86035156,0.8527344
21409,0.7408203,0.38632813,0.78574216,0.7878906,0.7667969,0.8666016,0.86269534,0.8736328,0.86210936,0.85234374
21509,0.74257815,0.38378906,0.7871094,0.7896484,0.76816404,0.8685547,0.8611328,0.87460935,0.86445314,0.8550781
21609,0.74179685,0.3861328,0.7888672,0.78867185,0.76894534,0.86972654,0.86152345,0.87460935,0.8625,0.85253906
21709,0.74179685,0.3890625,0.7910156,0.7896484,0.77070314,0.87050784,0.86152345,0.87421876,0.8640625,0.85117185
21809,0.7398437,0.3921875,0.7890625,0.7892578,0.77128905,0.871875,0.8607422,0.8736328,0.8648437,0.8513672
21909,0.74257815,0.3955078,0.78808594,0.78515625,0.76953125,0.8734375,0.86035156,0.8732422,0.8642578,0.85234374
22009,0.74121094,0.3953125,0.78828126,0.7847656,0.7732422,0.8707031,0.86035156,0.87226564,0.86328125,0.8509766
22109,0.7373047,0.39296874,0.7824219,0.7789062,0.77070314,0.8640625,0.8552734,0.8671875,0.85859376,0.8460938
22209,0.740625,0.39609376,0.7853516,0.77851564,0.77011716,0.86757815,0.85625,0.8695313,0.8587891,0.8498047
22309,0.7435547,0.3984375,0.7873047,0.7796875,0.7722656,0.86875,0.8595703,0.87167966,0.86035156,0.8513672
22409,0.7453125,0.40214843,0.79179686,0.7818359,0.77675784,0.87050784,0.86152345,0.8734375,0.8625,0.8535156
22509,0.7464844,0.40625,0.79238284,0.7826172,0.78125,0.87050784,0.86210936,0.8767578,0.8625,0.8539063
22609,0.7464844,0.4074219,0.79160154,0.784375,0.78085935,0.8730469,0.86210936,0.8773438,0.8654297,0.85371095
22709,0.74746096,0.409375,0.79160154,0.78652346,0.7810547,0.8734375,0.86386716,0.87773436,0.8671875,0.8535156
22809,0.75097656,0.41015625,0.79296875,0.7876953,0.7806641,0.8736328,0.86503905,0.87832034,0.86875,0.8558594
22909,0.7523438,0.41210938,0.7933594,0.78828126,0.7830078,0.87421876,0.86679685,0.8792969,0.86816406,0.85722655
23009,0.7517578,0.41132814,0.7951172,0.7914063,0.78398436,0.8751953,0.86640626,0.8808594,0.8673828,0.859375
23109,0.75078124,0.41269532,0.7949219,0.7939453,0.78574216,0.87402344,0.8654297,0.8804687,0.8689453,0.8609375
23209,0.7515625,0.4123047,0.7957031,0.79121095,0.78222656,0.87167966,0.86679685,0.87773436,0.86640626,0.8623047
23309,0.75449216,0.41308594,0.79472655,0.7890625,0.78125,0.87050784,0.8660156,0.8779297,0.8648437,0.8634766
23409,0.7537109,0.4128906,0.7966797,0.7884766,0.7814453,0.87050784,0.8654297,0.8755859,0.86621094,0.8617188
23509,0.7560547,0.41425782,0.7982422,0.7892578,0.78203124,0.87246096,0.86640626,0.8769531,0.8669922,0.8609375
23609,0.76113284,0.41308594,0.7988281,0.7910156,0.7861328,0.87539065,0.86816406,0.87714845,0.86816406,0.86503905
23709,0.7615234,0.41425782,0.79472655,0.790625,0.78632814,0.8761719,0.8695313,0.8769531,0.8671875,0.8666016
23809,0.7626953,0.41386718,0.79589844,0.79121095,0.7876953,0.8751953,0.87167966,0.87832034,0.86972654,0.8689453
23909,0.76289064,0.41308594,0.79785156,0.79609376,0.79121095,0.875,0.8751953,0.87949216,0.8691406,0.8701172
24009,0.7669922,0.41464844,0.7962891,0.79785156,0.7908203,0.8785156,0.875,0.8822266,0.8691406,0.8712891
24109,0.7714844,0.41757813,0.80390626,0.8058594,0.7931641,0.8876953,0.8816406,0.88808596,0.87460935,0.8773438
24209,0.7714844,0.41484374,0.80214846,0.8064453,0.796875,0.8871094,0.8816406,0.8869141,0.8755859,0.87753904
24309,0.7705078,0.41621095,0.8005859,0.80546874,0.79589844,0.88808596,0.88242185,0.8890625,0.87539065,0.8798828
24409,0.7720703,0.4128906,0.7986328,0.8041016,0.7955078,0.8888672,0.8833984,0.8912109,0.8751953,0.88183594
24509,0.7705078,0.409375,0.80019534,0.8044922,0.7957031,0.88789064,0.88125,0.890625,0.8765625,0.88359374
24609,0.7734375,0.4107422,0.8015625,0.80214846,0.7925781,0.8886719,0.8804687,0.890625,0.87714845,0.8841797
24709,0.775,0.40976563,0.8023437,0.8017578,0.79296875,0.890625,0.8787109,0.890625,0.875,0.8875
24809,0.77597654,0.41015625,0.8033203,0.80195314,0.7919922,0.89277345,0.87890625,0.88964844,0.8763672,0.8871094
24909,0.7751953,0.41328126,0.80390626,0.8029297,0.7919922,0.89335936,0.878125,0.88808596,0.87773436,0.88789064
25009,0.77128905,0.41425782,0.8003906,0.80195314,0.7914063,0.8921875,0.87597656,0.8851563,0.878125,0.88613284
25109,0.7716797,0.41328126,0.8005859,0.8003906,0.79003906,0.8935547,0.875,0.8841797,0.87773436,0.8851563
25209,0.7732422,0.41464844,0.80078125,0.8011719,0.790625,0.89375,0.87226564,0.8859375,0.8779297,0.8830078
25309,0.7710937,0.41679686,0.80429685,0.80195314,0.79355466,0.89375,0.87421876,0.8841797,0.8785156,0.88378906
25409,0.7734375,0.41679686,0.80253905,0.8052734,0.79179686,0.8935547,0.87460935,0.88613284,0.8769531,0.884375
25509,0.7703125,0.41816407,0.80214846,0.8044922,0.7919922,0.8925781,0.87539065,0.88496095,0.8755859,0.8865234
25609,0.7716797,0.4203125,0.8029297,0.80429685,0.7910156,0.89140624,0.87597656,0.88496095,0.8765625,0.8871094
25709,0.7728516,0.41757813,0.80800784,0.80742186,0.7896484,0.8890625,0.87578124,0.884375,0.87578124,0.88671875
25809,0.771875,0.4158203,0.80800784,0.80683595,0.7878906,0.8888672,0.8736328,0.8839844,0.87285155,0.8865234
25909,0.7748047,0.4171875,0.8083984,0.8058594,0.78574216,0.88964844,0.87226564,0.8845703,0.87539065,0.88730466
26009,0.7703125,0.41777343,0.81035155,0.8027344,0.7855469,0.8892578,0.8730469,0.8863281,0.878125,0.88613284
26109,0.771875,0.41796875,0.8083984,0.80136716,0.7878906,0.8892578,0.8736328,0.88496095,0.8796875,0.8851563
26209,0.7720703,0.41816407,0.8083984,0.80195314,0.7847656,0.8886719,0.8751953,0.88535154,0.8826172,0.88535154
26309,0.77246094,0.41640624,0.809375,0.80371094,0.78828126,0.8869141,0.87402344,0.8826172,0.8828125,0.8839844
26409,0.7740234,0.4203125,0.8111328,0.8033203,0.78984374,0.88613284,0.8720703,0.88125,0.8830078,0.88320315
26509,0.7736328,0.42402345,0.8083984,0.803125,0.78691405,0.88789064,0.8732422,0.87949216,0.8826172,0.88125
26609,0.76953125,0.42226562,0.8048828,0.8023437,0.7873047,0.88535154,0.8708984,0.8779297,0.88066405,0.88007814
26709,0.76523435,0.42128906,0.8046875,0.8009766,0.7871094,0.88203126,0.86992186,0.8748047,0.88007814,0.8785156
26809,0.7626953,0.42226562,0.8023437,0.7988281,0.7878906,0.88066405,0.8703125,0.87578124,0.8796875,0.87890625
26909,0.76171875,0.4189453,0.8005859,0.7970703,0.7859375,0.88007814,0.8666016,0.8748047,0.8787109,0.8769531
27009,0.76484376,0.41972655,0.80566406,0.7980469,0.7884766,0.88125,0.8689453,0.8765625,0.88007814,0.87949216
27109,0.7640625,0.42285156,0.80195314,0.7970703,0.79003906,0.88203126,0.8703125,0.8773438,0.8792969,0.8804687
27209,0.7613281,0.41953126,0.8029297,0.7949219,0.7919922,0.88242185,0.87402344,0.8773438,0.87949216,0.8814453
27309,0.76113284,0.4171875,0.80371094,0.796875,0.79003906,0.8828125,0.8734375,0.8773438,0.87890625,0.88027346
27409,0.76230466,0.41308594,0.80566406,0.79414064,0.79003906,0.88183594,0.87597656,0.8765625,0.8814453,0.8810547
27509,0.7619141,0.41210938,0.80507815,0.79355466,0.79003906,0.8814453,0.875,0.8785156,0.88203126,0.88007814
27609,0.75859374,0.41035157,0.8048828,0.79160154,0.7871094,0.88242185,0.87402344,0.88007814,0.8826172,0.88183594
27709,0.76054686,0.41328126,0.8046875,0.78984374,0.78828126,0.8826172,0.87539065,0.88183594,0.8841797,0.88203126
27809,0.7607422,0.4152344,0.80429685,0.78945315,0.78828126,0.8839844,0.8763672,0.8816406,0.88535154,0.8822266
27909,0.7595703,0.41464844,0.80683595,0.79160154,0.78984374,0.8845703,0.87597656,0.88183594,0.8839844,0.8808594
28009,0.7654297,0.41367188,0.80742186,0.79375,0.790625,0.8865234,0.8769531,0.88183594,0.884375,0.8833984
28109,0.7669922,0.41484374,0.80996096,0.7949219,0.78984374,0.8869141,0.8751953,0.8839844,0.8839844,0.8833984
28209,0.76777345,0.415625,0.8105469,0.79375,0.78984374,0.8876953,0.87285155,0.8833984,0.88242185,0.8839844
28309,0.7685547,0.4152344,0.8113281,0.79414064,0.7892578,0.88847655,0.8726562,0.88554686,0.88066405,0.8841797
28409,0.76894534,0.41367188,0.81210935,0.7974609,0.7902344,0.8890625,0.87421876,0.8839844,0.8808594,0.884375
28509,0.7710937,0.41269532,0.815625,0.7966797,0.79375,0.8894531,0.8761719,0.8869141,0.8822266,0.88613284
28609,0.7734375,0.41503906,0.81816405,0.8005859,0.79765624,0.8917969,0.8787109,0.8890625,0.88183594,0.88789064
28709,0.7775391,0.41601562,0.8185547,0.8044922,0.796875,0.8953125,0.88183594,0.89160156,0.8830078,0.88984376
28809,0.7794922,0.41679686,0.8191406,0.8041016,0.7970703,0.8949219,0.8785156,0.89023435,0.88320315,0.88730466
28909,0.7828125,0.4185547,0.8201172,0.80566406,0.79902345,0.8966797,0.88359374,0.89316404,0.8847656,0.88808596
29009,0.7835938,0.41660157,0.8189453,0.8082031,0.79726565,0.8964844,0.8841797,0.89453125,0.8871094,0.8882812
29109,0.7867187,0.41464844,0.821875,0.80976564,0.7949219,0.8960937,0.88613284,0.89394534,0.88789064,0.88847655
29209,0.79003906,0.4171875,0.8244141,0.81582034,0.79726565,0.89804685,0.8833984,0.89453125,0.89023435,0.8917969
29309,0.7910156,0.41953126,0.821875,0.81464845,0.7974609,0.8986328,0.8826172,0.89628905,0.8919922,0.8929688
29409,0.7875,0.42402345,0.81992185,0.81328124,0.79902345,0.8996094,0.8814453,0.8970703,0.8917969,0.89335936
29509,0.79003906,0.42265624,0.82109374,0.8160156,0.80136716,0.90117186,0.88320315,0.8964844,0.8919922,0.8947266
29609,0.7921875,0.42773438,0.8220703,0.8183594,0.80078125,0.9007813,0.88378906,0.8964844,0.8921875,0.89316404
29709,0.7902344,0.42832032,0.82109374,0.8191406,0.80136716,0.90234375,0.88378906,0.89511716,0.89316404,0.8935547
29809,0.79238284,0.4296875,0.8220703,0.8189453,0.8017578,0.90292966,0.8841797,0.8964844,0.8929688,0.8925781
29909,0.7892578,0.43105468,0.8171875,0.81640625,0.79960936,0.9015625,0.8859375,0.8970703,0.89375,0.89394534
30009,0.78691405,0.4326172,0.8162109,0.81640625,0.7974609,0.90097654,0.8875,0.8972656,0.89394534,0.89375
30109,0.7867187,0.43339843,0.81757814,0.81640625,0.79902345,0.90175784,0.8882812,0.8970703,0.89375,0.89570314
30209,0.78632814,0.4345703,0.8197266,0.8201172,0.8011719,0.90058595,0.89023435,0.8982422,0.89394534,0.89570314
30309,0.7873047,0.43652344,0.8214844,0.8179687,0.80078125,0.9,0.89101565,0.8978516,0.8947266,0.89628905
30409,0.784375,0.43515626,0.82070315,0.8166016,0.79960936,0.8996094,0.88984376,0.89941406,0.8925781,0.8953125
30509,0.7841797,0.4328125,0.81757814,0.8144531,0.7974609,0.8986328,0.88730466,0.89746094,0.8892578,0.89570314
30609,0.7859375,0.4314453,0.8208984,0.81328124,0.7966797,0.9003906,0.8890625,0.8960937,0.89101565,0.8966797
30709,0.7849609,0.4326172,0.8216797,0.8130859,0.7982422,0.90117186,0.88730466,0.89804685,0.8917969,0.89804685
30809,0.78125,0.4314453,0.8201172,0.81464845,0.7992188,0.90117186,0.88984376,0.89882815,0.89335936,0.89941406
30909,0.7775391,0.4285156,0.8191406,0.81210935,0.7992188,0.8998047,0.8882812,0.89941406,0.8925781,0.9
31009,0.77675784,0.42714843,0.81757814,0.80742186,0.80078125,0.89941406,0.8875,0.89882815,0.8904297,0.90117186
31109,0.7757813,0.42695314,0.81699216,0.80566406,0.80195314,0.9001953,0.8871094,0.8953125,0.8904297,0.9007813
31209,0.7757813,0.43066406,0.815625,0.8035156,0.8005859,0.9,0.8882812,0.8943359,0.890625,0.89746094
31309,0.77382815,0.42949218,0.8123047,0.8,0.80214846,0.8978516,0.8876953,0.89160156,0.8875,0.8923828
31409,0.76953125,0.425,0.80859375,0.796875,0.7988281,0.89277345,0.88125,0.88554686,0.8785156,0.8865234
31509,0.7662109,0.4230469,0.8046875,0.79179686,0.79609376,0.8904297,0.8773438,0.8816406,0.87753904,0.8816406
31609,0.7626953,0.41816407,0.8005859,0.78945315,0.79589844,0.8875,0.8763672,0.88066405,0.8765625,0.8798828
31709,0.7597656,0.41757813,0.8003906,0.7873047,0.7921875,0.88496095,0.8744141,0.88066405,0.8726562,0.8796875
31809,0.7566406,0.4158203,0.7992188,0.78945315,0.7927734,0.8830078,0.87402344,0.87890625,0.8691406,0.8798828
31909,0.7578125,0.4125,0.8003906,0.79003906,0.7919922,0.8826172,0.87421876,0.87890625,0.8689453,0.87832034
32009,0.75449216,0.4125,0.8,0.7888672,0.79355466,0.88242185,0.8712891,0.87539065,0.86640626,0.8763672
32109,0.73691404,0.4033203,0.7796875,0.77011716,0.7746094,0.86445314,0.85253906,0.8556641,0.84648436,0.8544922
32209,0.73515624,0.4013672,0.77421874,0.7636719,0.7722656,0.8648437,0.8496094,0.8539063,0.8451172,0.85488284
32309,0.73398435,0.39863282,0.7685547,0.7632812,0.7714844,0.8640625,0.8484375,0.8544922,0.8453125,0.85371095
32409,0.73183596,0.396875,0.7638672,0.7589844,0.76816404,0.8595703,0.84589845,0.85,0.8431641,0.85195315
32509,0.73164064,0.39746094,0.7636719,0.7591797,0.7691406,0.859375,0.84707034,0.84902346,0.846875,0.8509766
32609,0.7267578,0.39765626,0.7597656,0.75625,0.7667969,0.85546875,0.8460938,0.84882814,0.8451172,0.8498047
32709,0.7234375,0.39648438,0.75703126,0.7542969,0.76464844,0.85078126,0.8443359,0.8453125,0.84160155,0.846875
32809,0.7248047,0.39414063,0.7572266,0.753125,0.7621094,0.8503906,0.8453125,0.84375,0.8400391,0.8460938
32909,0.7263672,0.3972656,0.75683594,0.75253904,0.7609375,0.8492187,0.84414065,0.8431641,0.83925784,0.8457031
33009,0.72402346,0.396875,0.7572266,0.7542969,0.7589844,0.8480469,0.84335935,0.8408203,0.8378906,0.8402344
33109,0.7078125,0.39082032,0.7416016,0.7408203,0.74492186,0.828125,0.82480466,0.82890624,0.8189453,0.8222656
33209,0.70566404,0.38320312,0.7373047,0.7398437,0.73964846,0.825,0.82128906,0.8279297,0.8173828,0.82109374
33309,0.70527345,0.38300782,0.7423828,0.7392578,0.7373047,0.8240234,0.8222656,0.8287109,0.8179687,0.825
33409,0.7091797,0.38671875,0.7484375,0.7441406,0.74179685,0.828125,0.82851565,0.83496094,0.82558596,0.83144534
33509,0.7125,0.390625,0.75078124,0.746875,0.74257815,0.828125,0.8300781,0.8378906,0.82714844,0.83691406
33609,0.68417966,0.37773436,0.72265625,0.71601564,0.71308595,0.79902345,0.79589844,0.80371094,0.7951172,0.80390626
33709,0.68671876,0.37890625,0.7234375,0.71621096,0.7158203,0.8003906,0.7962891,0.8041016,0.7970703,0.80253905
33809,0.6880859,0.3794922,0.72382814,0.7126953,0.7158203,0.7988281,0.7949219,0.8044922,0.7988281,0.8015625
33909,0.69023436,0.37851563,0.72441405,0.7115234,0.71660155,0.7998047,0.7931641,0.80390626,0.7992188,0.80371094
34009,0.69375,0.37871093,0.72382814,0.7123047,0.7169922,0.7980469,0.79414064,0.80390626,0.8003906,0.80546874
34109,0.7107422,0.38320312,0.740625,0.7306641,0.7341797,0.81582034,0.81328124,0.8205078,0.8220703,0.8251953
34209,0.7125,0.38476562,0.74433595,0.734375,0.7373047,0.81816405,0.815625,0.82246095,0.8226563,0.8257812
34309,0.7138672,0.38417968,0.7451172,0.7355469,0.7367188,0.81816405,0.8148438,0.8205078,0.8238281,0.82421875
34409,0.71660155,0.38671875,0.7482422,0.7367188,0.74121094,0.82304686,0.8185547,0.8244141,0.82734376,0.82734376
34509,0.7138672,0.38847655,0.7482422,0.73945314,0.7386719,0.8238281,0.81992185,0.8240234,0.82773435,0.8279297
34609,0.7193359,0.38789064,0.7511719,0.74316406,0.7419922,0.8275391,0.82070315,0.82714844,0.83027345,0.8287109
34709,0.7203125,0.3873047,0.7517578,0.7416016,0.7416016,0.8294922,0.82128906,0.8265625,0.8324219,0.8283203
34809,0.721875,0.38984376,0.7513672,0.74296874,0.7441406,0.83066404,0.82246095,0.8298828,0.83261716,0.82910156
34909,0.72148436,0.39023438,0.7511719,0.74472654,0.74609375,0.8324219,0.82363284,0.8296875,0.8341797,0.8287109
35009,0.72558594,0.39082032,0.7505859,0.7433594,0.74550784,0.8335937,0.8251953,0.83203125,0.8361328,0.83320314
35109,0.73945314,0.39707032,0.765625,0.7572266,0.7589844,0.8509766,0.8421875,0.84628904,0.85429686,0.8501953
35209,0.74257815,0.40078124,0.76875,0.75566405,0.7609375,0.85371095,0.8457031,0.8486328,0.8544922,0.8533203
35309,0.74296874,0.39824218,0.76660156,0.75742185,0.76113284,0.8544922,0.84589845,0.8486328,0.85839844,0.8533203
35409,0.74375,0.3972656,0.7640625,0.7566406,0.7589844,0.8564453,0.8451172,0.84648436,0.8576172,0.85117185
35509,0.7445313,0.39472657,0.7636719,0.75527346,0.7591797,0.85605466,0.84628904,0.8486328,0.8578125,0.85058594
35609,0.775,0.40683594,0.79414064,0.7878906,0.7908203,0.8888672,0.8810547,0.8851563,0.8908203,0.8869141
35709,0.7748047,0.40390626,0.7931641,0.790625,0.7914063,0.8876953,0.8814453,0.88613284,0.8912109,0.89023435
35809,0.77597654,0.3996094,0.79609376,0.79414064,0.7908203,0.88808596,0.8839844,0.88554686,0.89277345,0.89160156
35909,0.7765625,0.4044922,0.79589844,0.79472655,0.7927734,0.88808596,0.8851563,0.88554686,0.890625,0.8917969
36009,0.7757813,0.40078124,0.79785156,0.7953125,0.7902344,0.88964844,0.8859375,0.8865234,0.89277345,0.8908203
36109,0.7777344,0.4046875,0.79726565,0.7945312,0.7914063,0.8871094,0.8859375,0.88808596,0.89101565,0.8894531
36209,0.77675784,0.40429688,0.7951172,0.7957031,0.7890625,0.8828125,0.8847656,0.88808596,0.8912109,0.88808596
36309,0.7751953,0.4091797,0.7986328,0.79589844,0.7910156,0.88320315,0.8851563,0.8892578,0.88964844,0.8894531
36409,0.7765625,0.4080078,0.79902345,0.79726565,0.7892578,0.8847656,0.8851563,0.89160156,0.89023435,0.8894531
36509,0.7789062,0.40644532,0.80019534,0.7957031,0.7888672,0.88320315,0.8822266,0.89335936,0.88984376,0.88789064
36609,0.7769531,0.40703124,0.7986328,0.79238284,0.78867185,0.8816406,0.88203126,0.8929688,0.8865234,0.88789064
36709,0.7794922,0.4080078,0.7998047,0.79433596,0.7904297,0.88320315,0.88496095,0.8941406,0.8876953,0.8892578
36809,0.78046876,0.40703124,0.80136716,0.79433596,0.7902344,0.8839844,0.8839844,0.8935547,0.8894531,0.8900391
36909,0.7798828,0.4078125,0.7988281,0.79414064,0.78808594,0.8833984,0.88203126,0.89277345,0.8871094,0.88964844
37009,0.77851564,0.40859374,0.79785156,0.79296875,0.78828126,0.8830078,0.8808594,0.8921875,0.88378906,0.8875
37109,0.7789062,0.40996093,0.7980469,0.79296875,0.7871094,0.88320315,0.88125,0.89277345,0.8828125,0.88789064
37209,0.7753906,0.40898436,0.7984375,0.79433596,0.7890625,0.8833984,0.88027346,0.8919922,0.8808594,0.8847656
37309,0.7751953,0.41269532,0.7998047,0.7962891,0.7896484,0.8876953,0.8808594,0.89394534,0.87832034,0.8845703
37409,0.7732422,0.4128906,0.8005859,0.79609376,0.79003906,0.8863281,0.8810547,0.89589846,0.8804687,0.88554686
37509,0.7736328,0.41308594,0.80019534,0.7974609,0.78945315,0.8875,0.8808594,0.89375,0.8791016,0.884375
37609,0.77265626,0.41640624,0.80078125,0.7988281,0.7884766,0.88613284,0.8804687,0.8921875,0.8779297,0.8830078
37709,0.77382815,0.41933593,0.8009766,0.79785156,0.78808594,0.88671875,0.8808594,0.8929688,0.8791016,0.88007814
37809,0.77128905,0.4230469,0.7998047,0.7986328,0.78867185,0.88984376,0.8804687,0.89570314,0.8796875,0.8796875
37909,0.7697266,0.41972655,0.8011719,0.79902345,0.78984374,0.8919922,0.8810547,0.8953125,0.8816406,0.88007814
38009,0.7699219,0.42050782,0.8005859,0.7984375,0.790625,0.8923828,0.8804687,0.8955078,0.88066405,0.88007814
38109,0.7669922,0.42285156,0.80214846,0.8,0.7921875,0.89570314,0.88027346,0.8947266,0.88066405,0.8804687
38209,0.76816404,0.4207031,0.8058594,0.8005859,0.7939453,0.8986328,0.8828125,0.8925781,0.88066405,0.8808594
38309,0.7699219,0.4189453,0.8046875,0.8017578,0.79472655,0.9007813,0.8851563,0.89316404,0.88125,0.88125
38409,0.7691406,0.41875,0.80800784,0.80390626,0.79433596,0.8996094,0.8841797,0.8929688,0.8828125,0.88066405
38509,0.7691406,0.42167968,0.80996096,0.8060547,0.7966797,0.9013672,0.8863281,0.8949219,0.8828125,0.88320315
38609,0.77070314,0.4207031,0.8111328,0.80917966,0.7970703,0.90234375,0.88671875,0.89394534,0.88613284,0.88183594
38709,0.77070314,0.41777343,0.8123047,0.8082031,0.79941404,0.903125,0.88535154,0.8955078,0.8871094,0.88320315
38809,0.7714844,0.41972655,0.81152344,0.8087891,0.7998047,0.90292966,0.88554686,0.89589846,0.8863281,0.8830078
38909,0.77070314,0.41757813,0.81640625,0.809375,0.80136716,0.9021484,0.8869141,0.89628905,0.8894531,0.8857422
39009,0.7757813,0.41953126,0.8191406,0.81171876,0.8023437,0.90175784,0.88847655,0.8966797,0.89375,0.88613284
39109,0.77675784,0.41816407,0.8197266,0.8138672,0.8058594,0.9021484,0.8892578,0.8984375,0.8943359,0.88554686
39209,0.778125,0.4201172,0.8189453,0.8125,0.80742186,0.90234375,0.8900391,0.8996094,0.89570314,0.8890625
39309,0.7796875,0.41816407,0.8173828,0.81035155,0.8082031,0.8996094,0.88789064,0.89921874,0.8955078,0.88847655
39409,0.7814453,0.41875,0.81933594,0.8107422,0.8087891,0.8996094,0.8888672,0.89941406,0.8941406,0.8886719
39509,0.78046876,0.42167968,0.82109374,0.8107422,0.8107422,0.9007813,0.88984376,0.8990234,0.8925781,0.89140624
39609,0.7810547,0.41796875,0.8191406,0.80742186,0.81171876,0.90175784,0.88808596,0.89804685,0.8921875,0.89023435
39709,0.7828125,0.41542968,0.81953126,0.8082031,0.8101562,0.9044922,0.8875,0.89570314,0.88964844,0.88964844
39809,0.7841797,0.415625,0.81875,0.8076172,0.8082031,0.9025391,0.8869141,0.89335936,0.8888672,0.89023435
39909,0.7835938,0.41621095,0.81777346,0.8064453,0.80722654,0.9003906,0.88789064,0.8919922,0.8882812,0.8894531
40009,0.78378904,0.41660157,0.8171875,0.8060547,0.80722654,0.89882815,0.8876953,0.8908203,0.88847655,0.8888672
40109,0.7830078,0.4140625,0.8154297,0.80390626,0.8048828,0.89804685,0.8871094,0.8929688,0.88808596,0.8900391
40209,0.78398436,0.4158203,0.81347656,0.8023437,0.803125,0.89765626,0.88535154,0.8947266,0.8890625,0.89023435
40309,0.7792969,0.41542968,0.81210935,0.79902345,0.8011719,0.896875,0.8833984,0.8923828,0.89023435,0.8912109
40409,0.7806641,0.41640624,0.8083984,0.79960936,0.8015625,0.8964844,0.88378906,0.8900391,0.8875,0.89101565
40509,0.7806641,0.41757813,0.8076172,0.8003906,0.80136716,0.89511716,0.8822266,0.88964844,0.88808596,0.8904297
40609,0.7806641,0.4207031,0.8076172,0.79726565,0.8023437,0.89511716,0.8810547,0.88789064,0.8871094,0.8904297
40709,0.7828125,0.42402345,0.80683595,0.79726565,0.80078125,0.89316404,0.8816406,0.8886719,0.8863281,0.8894531
40809,0.7818359,0.4248047,0.80683595,0.79609376,0.8,0.8943359,0.88007814,0.8863281,0.8871094,0.8882812
40909,0.7830078,0.42539063,0.80546874,0.7955078,0.7982422,0.8935547,0.88007814,0.8839844,0.8845703,0.884375
41009,0.78027344,0.4263672,0.8060547,0.7962891,0.79765624,0.89628905,0.8796875,0.8845703,0.88496095,0.8851563
41109,0.7814453,0.4248047,0.80507815,0.79375,0.79414064,0.8964844,0.8779297,0.8841797,0.8851563,0.884375
41209,0.7814453,0.4251953,0.80742186,0.7957031,0.7919922,0.89589846,0.8792969,0.8845703,0.88378906,0.8847656
41309,0.7806641,0.4263672,0.8109375,0.8011719,0.79355466,0.89804685,0.8804687,0.8865234,0.88730466,0.8851563
41409,0.7814453,0.42871094,0.80917966,0.8005859,0.7933594,0.8966797,0.8810547,0.8869141,0.88730466,0.8863281
41509,0.7832031,0.42558593,0.80859375,0.79960936,0.79179686,0.8966797,0.8787109,0.88808596,0.88789064,0.8830078
41609,0.78398436,0.42734376,0.81035155,0.80136716,0.7919922,0.8949219,0.8816406,0.8904297,0.89101565,0.8845703
41709,0.7810547,0.42871094,0.81035155,0.80195314,0.79433596,0.8947266,0.88125,0.8925781,0.8929688,0.8841797
41809,0.7826172,0.42890626,0.8125,0.80019534,0.7966797,0.89628905,0.88320315,0.8919922,0.89511716,0.8851563
41909,0.78515625,0.43007812,0.81347656,0.80078125,0.79785156,0.8984375,0.88203126,0.89335936,0.8970703,0.8857422
42009,0.7789062,0.42890626,0.81035155,0.79414064,0.7919922,0.8925781,0.8779297,0.88808596,0.89023435,0.8828125
42109,0.7792969,0.43066406,0.8119141,0.79414064,0.78984374,0.89023435,0.87753904,0.88613284,0.8894531,0.88203126
42209,0.77910155,0.4330078,0.8111328,0.7925781,0.78984374,0.89023435,0.878125,0.88554686,0.8888672,0.88027346
42309,0.7806641,0.42949218,0.81152344,0.79355466,0.7896484,0.88808596,0.87578124,0.8845703,0.88613284,0.8791016
42409,0.7636719,0.42382812,0.79726565,0.77792966,0.7740234,0.86972654,0.8578125,0.86621094,0.86796874,0.8623047
42509,0.76347655,0.4203125,0.7951172,0.77441406,0.7722656,0.86816406,0.8564453,0.86445314,0.86386716,0.86035156
42609,0.7636719,0.4185547,0.79375,0.77617186,0.76816404,0.8648437,0.8550781,0.8671875,0.8628906,0.8599609
42709,0.7613281,0.41679686,0.79121095,0.7771484,0.7675781,0.86503905,0.85253906,0.8658203,0.8623047,0.8595703
42809,0.76230466,0.41425782,0.7921875,0.7794922,0.76660156,0.8652344,0.853125,0.8671875,0.8611328,0.8599609
42909,0.7615234,0.41210938,0.79160154,0.7783203,0.7654297,0.86503905,0.8527344,0.86640626,0.85976565,0.8611328
43009,0.759375,0.41347656,0.790625,0.7769531,0.7642578,0.8630859,0.8521484,0.86640626,0.8570312,0.8587891
43109,0.75527346,0.4152344,0.7908203,0.7769531,0.7650391,0.8617188,0.85195315,0.86640626,0.85605466,0.85898435
43209,0.75507814,0.41328126,0.7896484,0.7753906,0.7667969,0.85898435,0.8501953,0.8630859,0.8578125,0.8570312
43309,0.75703126,0.41347656,0.7873047,0.76894534,0.76640624,0.85683596,0.85,0.8607422,0.8539063,0.85722655
43409,0.7515625,0.4080078,0.7867187,0.76777345,0.7642578,0.85664064,0.8472656,0.85722655,0.85,0.8529297
43509,0.74667966,0.40976563,0.7878906,0.76835936,0.76347655,0.8539063,0.8478516,0.8556641,0.8503906,0.853125
43609,0.7451172,0.409375,0.7876953,0.76816404,0.7625,0.85429686,0.846875,0.8539063,0.8474609,0.8539063
43709,0.72148436,0.39941406,0.76347655,0.74140626,0.734375,0.82285154,0.81816405,0.8226563,0.81640625,0.82363284
43809,0.7181641,0.396875,0.76113284,0.7421875,0.7337891,0.82070315,0.815625,0.8238281,0.8144531,0.82070315
43909,0.71660155,0.39570314,0.75703126,0.7435547,0.73046875,0.81699216,0.81289065,0.82421875,0.8138672,0.81816405
44009,0.71484375,0.3955078,0.753125,0.7423828,0.72753906,0.8162109,0.8089844,0.8214844,0.8082031,0.8130859
44109,0.71367186,0.3939453,0.753125,0.7433594,0.72929686,0.8162109,0.81035155,0.8208984,0.80859375,0.8125
44209,0.71015626,0.3923828,0.75566405,0.74472654,0.7300781,0.8154297,0.8109375,0.8216797,0.8082031,0.8111328
44309,0.7109375,0.39570314,0.75566405,0.7457031,0.7302734,0.8166016,0.8126953,0.8240234,0.8107422,0.81347656
44409,0.7294922,0.4015625,0.77011716,0.7578125,0.7457031,0.8353516,0.83144534,0.8408203,0.8294922,0.83027345
44509,0.7283203,0.4015625,0.77089846,0.7597656,0.7457031,0.8375,0.8345703,0.8378906,0.8335937,0.8310547
44609,0.72558594,0.3996094,0.77011716,0.7583984,0.74726564,0.8402344,0.83632815,0.8365234,0.83496094,0.83125
44709,0.7121094,0.39746094,0.759375,0.7476562,0.7345703,0.8238281,0.8240234,0.821875,0.82109374,0.81777346
44809,0.7107422,0.39785156,0.76035154,0.7486328,0.73359376,0.8216797,0.8244141,0.821875,0.8226563,0.81875
44909,0.7140625,0.4033203,0.7607422,0.74785155,0.73652345,0.8226563,0.825,0.82597655,0.825,0.81699216
45009,0.71621096,0.4001953,0.7607422,0.7484375,0.7398437,0.82246095,0.8246094,0.82539064,0.828125,0.81933594
45109,0.71777344,0.40097657,0.76289064,0.7513672,0.7404297,0.82285154,0.8269531,0.8246094,0.8304688,0.8220703
45209,0.71601564,0.4029297,0.7607422,0.7501953,0.7380859,0.8234375,0.82558596,0.82480466,0.82910156,0.8222656
45309,0.7164062,0.4013672,0.7589844,0.75253904,0.73652345,0.82421875,0.82597655,0.825,0.8296875,0.82246095
45409,0.7230469,0.40351564,0.7595703,0.75527346,0.740625,0.82714844,0.8279297,0.82890624,0.8341797,0.82597655
45509,0.728125,0.40195313,0.7595703,0.7564453,0.7427734,0.8292969,0.8292969,0.8296875,0.8359375,0.8283203
45609,0.73046875,0.403125,0.75996095,0.75566405,0.74316406,0.82890624,0.82910156,0.82851565,0.8375,0.8279297
45709,0.75507814,0.41464844,0.784375,0.7810547,0.7705078,0.8599609,0.85839844,0.8582031,0.86816406,0.86035156
45809,0.7591797,0.4158203,0.78515625,0.78222656,0.77011716,0.8628906,0.85839844,0.8595703,0.8685547,0.8625
45909,0.75820315,0.41796875,0.7884766,0.7830078,0.7736328,0.86328125,0.86191404,0.85976565,0.8671875,0.865625
46009,0.76660156,0.42128906,0.7982422,0.79160154,0.7828125,0.8707031,0.8701172,0.86972654,0.87890625,0.87539065
46109,0.77070314,0.42285156,0.7982422,0.7919922,0.784375,0.87402344,0.87285155,0.8726562,0.8816406,0.8779297
46209,0.7746094,0.42402345,0.7974609,0.79003906,0.7826172,0.87421876,0.8734375,0.8736328,0.8822266,0.88007814
46309,0.77597654,0.421875,0.79726565,0.790625,0.7835938,0.87539065,0.8763672,0.87402344,0.88203126,0.8792969
46409,0.7740234,0.42285156,0.8,0.79433596,0.7873047,0.8769531,0.8748047,0.8769531,0.88320315,0.8804687
46509,0.77792966,0.42460936,0.8009766,0.79433596,0.7904297,0.87773436,0.875,0.8810547,0.8816406,0.88359374
46609,0.77871096,0.42617187,0.80429685,0.79785156,0.78945315,0.8779297,0.87539065,0.88242185,0.88183594,0.88535154
46709,0.7931641,0.43066406,0.8166016,0.8082031,0.80214846,0.8947266,0.89101565,0.8986328,0.89628905,0.8990234
46809,0.79179686,0.43203124,0.8138672,0.8058594,0.80195314,0.8953125,0.88964844,0.89941406,0.8943359,0.89882815
46909,0.7884766,0.43066406,0.8142578,0.8113281,0.803125,0.8986328,0.89140624,0.89921874,0.8941406,0.90292966
47009,0.784375,0.43222657,0.8140625,0.81035155,0.80253905,0.9007813,0.890625,0.8990234,0.89394534,0.9027344
47109,0.7878906,0.4296875,0.8140625,0.8082031,0.8058594,0.90234375,0.89023435,0.89882815,0.89394534,0.903125
47209,0.7904297,0.428125,0.8148438,0.81035155,0.80800784,0.90527344,0.8921875,0.9019531,0.8960937,0.9039062
47309,0.78984374,0.42929688,0.8162109,0.8111328,0.8083984,0.9078125,0.89316404,0.90371096,0.8966797,0.90292966
47409,0.7890625,0.4296875,0.81777346,0.8111328,0.80742186,0.90722656,0.89394534,0.90351564,0.8966797,0.9044922
47509,0.78632814,0.43027344,0.81875,0.81210935,0.8058594,0.90722656,0.8935547,0.90371096,0.8935547,0.90292966
47609,0.7841797,0.42910156,0.81992185,0.8142578,0.8070313,0.90898436,0.89394534,0.9044922,0.89394534,0.90351564
47709,0.78378904,0.42832032,0.8203125,0.8138672,0.8066406,0.90898436,0.8943359,0.90625,0.89394534,0.9039062
47809,0.78457034,0.43046874,0.82070315,0.81328124,0.80859375,0.9080078,0.8949219,0.90371096,0.8947266,0.903125
47909,0.78632814,0.42832032,0.8208984,0.81210935,0.8070313,0.9105469,0.8941406,0.9042969,0.8947266,0.9019531
48009,0.7794922,0.42617187,0.8154297,0.8083984,0.8015625,0.9085938,0.8908203,0.89941406,0.890625,0.8941406
48109,0.7763672,0.42402345,0.81328124,0.8048828,0.8,0.9050781,0.8875,0.8982422,0.8886719,0.8921875
48209,0.77617186,0.42460936,0.8138672,0.8082031,0.8048828,0.9042969,0.8865234,0.896875,0.88847655,0.89316404
48309,0.77617186,0.42578125,0.8148438,0.8107422,0.8044922,0.9025391,0.8845703,0.8953125,0.8869141,0.8912109
48409,0.7753906,0.4251953,0.8140625,0.80976564,0.8015625,0.9033203,0.88535154,0.8955078,0.88613284,0.89160156
48509,0.7710937,0.42382812,0.8089844,0.8060547,0.79648435,0.9007813,0.88066405,0.8929688,0.88242185,0.8875
48609,0.7710937,0.42539063,0.8083984,0.8046875,0.79902345,0.8998047,0.88027346,0.8925781,0.8833984,0.8871094
48709,0.7705078,0.42558593,0.8078125,0.8046875,0.80019534,0.8990234,0.8785156,0.8912109,0.88183594,0.8869141
48809,0.7740234,0.425,0.8087891,0.80625,0.7988281,0.8996094,0.8808594,0.89101565,0.8830078,0.8863281
48909,0.7748047,0.42460936,0.80976564,0.8041016,0.79648435,0.89628905,0.87890625,0.8894531,0.88378906,0.8839844
49009,0.7783203,0.42285156,0.8095703,0.8066406,0.79648435,0.8947266,0.88183594,0.8888672,0.884375,0.8847656
49109,0.77675784,0.4248047,0.80800784,0.8060547,0.7933594,0.8960937,0.8808594,0.89160156,0.884375,0.8833984
49209,0.7775391,0.425,0.8083984,0.80722654,0.79375,0.89316404,0.88066405,0.8900391,0.8841797,0.8841797
49309,0.77792966,0.42597657,0.8089844,0.8082031,0.7945312,0.8917969,0.88125,0.88808596,0.8839844,0.8857422
49409,0.7777344,0.42578125,0.80859375,0.8089844,0.79726565,0.8917969,0.8822266,0.8875,0.8851563,0.88535154
49509,0.77910155,0.42558593,0.80683595,0.8076172,0.796875,0.8912109,0.8822266,0.8882812,0.8875,0.8871094
49609,0.7810547,0.42714843,0.80429685,0.8070313,0.79726565,0.89140624,0.8828125,0.8890625,0.88847655,0.88554686
49709,0.78378904,0.42539063,0.8033203,0.8101562,0.79765624,0.89101565,0.88203126,0.8886719,0.8894531,0.8863281
49809,0.7777344,0.42382812,0.8027344,0.80683595,0.7945312,0.8892578,0.8822266,0.8892578,0.88789064,0.8876953
49909,0.7783203,0.4263672,0.80195314,0.80683595,0.79414064,0.88730466,0.88242185,0.8882812,0.8890625,0.8871094
50009,0.78398436,0.43007812,0.80722654,0.8119141,0.8,0.88984376,0.8863281,0.89316404,0.8947266,0.8947266
50109,0.78652346,0.43125,0.8113281,0.8130859,0.8017578,0.89140624,0.88789064,0.89453125,0.89570314,0.8964844
50209,0.78457034,0.43183595,0.81210935,0.8144531,0.8009766,0.8941406,0.88964844,0.8947266,0.89628905,0.8966797
50309,0.78515625,0.43378907,0.8095703,0.8107422,0.7988281,0.89570314,0.8888672,0.8960937,0.89882815,0.8984375
50409,0.7871094,0.43613282,0.81035155,0.8119141,0.7984375,0.89394534,0.8882812,0.89589846,0.9,0.89746094
50509,0.7902344,0.43691406,0.81582034,0.8148438,0.8035156,0.8966797,0.89160156,0.9001953,0.90546876,0.9021484
50609,0.7904297,0.43730468,0.81503904,0.81640625,0.8046875,0.89765626,0.8925781,0.89882815,0.90527344,0.90371096
50709,0.7939453,0.43691406,0.81816405,0.8162109,0.80722654,0.9,0.8941406,0.8996094,0.9060547,0.9056641
50809,0.7931641,0.4359375,0.81816405,0.81464845,0.8095703,0.89941406,0.89277345,0.9007813,0.9064453,0.90722656
50909,0.796875,0.43691406,0.8191406,0.815625,0.8119141,0.90117186,0.8943359,0.9025391,0.9068359,0.91132814
51009,0.7998047,0.43789062,0.82109374,0.81582034,0.8126953,0.9027344,0.8929688,0.90292966,0.90410155,0.91132814
51109,0.7988281,0.4386719,0.8226563,0.81757814,0.81328124,0.90097654,0.8935547,0.90097654,0.90351564,0.91132814
51209,0.8011719,0.4419922,0.8244141,0.8171875,0.81464845,0.903125,0.8943359,0.9019531,0.9044922,0.91152346
51309,0.80253905,0.4392578,0.82480466,0.81582034,0.81464845,0.9019531,0.8921875,0.903125,0.9048828,0.91191405
51409,0.8015625,0.4392578,0.8234375,0.8154297,0.81171876,0.90175784,0.8919922,0.9033203,0.9048828,0.9109375
51509,0.8015625,0.4390625,0.8232422,0.8154297,0.8130859,0.9007813,0.8912109,0.90175784,0.9044922,0.9085938
51609,0.8,0.4404297,0.82246095,0.81523436,0.8119141,0.9,0.8912109,0.90175784,0.9025391,0.9080078
51709,0.7998047,0.4441406,0.8216797,0.8136719,0.8113281,0.90117186,0.8947266,0.90175784,0.903125,0.90703124
51809,0.803125,0.4453125,0.8205078,0.8173828,0.81347656,0.90234375,0.89511716,0.9046875,0.9027344,0.90664065
51909,0.8027344,0.44394532,0.8222656,0.8173828,0.8140625,0.90410155,0.8972656,0.9056641,0.9019531,0.9074219
52009,0.80253905,0.44140625,0.81777346,0.81464845,0.81152344,0.90351564,0.89765626,0.90371096,0.9001953,0.9060547
52109,0.8003906,0.44140625,0.8171875,0.81523436,0.8095703,0.9042969,0.8978516,0.9027344,0.9003906,0.9056641
52209,0.80078125,0.43984374,0.8140625,0.81328124,0.8076172,0.90351564,0.8972656,0.9015625,0.90175784,0.9046875
52309,0.7988281,0.43847656,0.81582034,0.81464845,0.80976564,0.90175784,0.8972656,0.9019531,0.9,0.90546876
52409,0.7966797,0.43671876,0.81523436,0.81328124,0.8105469,0.90097654,0.89765626,0.90175784,0.8984375,0.9074219
52509,0.79355466,0.43515626,0.81171876,0.8113281,0.8064453,0.8972656,0.8947266,0.89765626,0.8972656,0.90292966
52609,0.7951172,0.434375,0.8113281,0.8101562,0.8070313,0.8972656,0.8941406,0.8996094,0.89765626,0.9025391
52709,0.7921875,0.4359375,0.81035155,0.8125,0.8041016,0.8972656,0.8929688,0.89921874,0.8990234,0.903125
52809,0.7921875,0.43691406,0.8125,0.81640625,0.80566406,0.8970703,0.8925781,0.89765626,0.89882815,0.90234375
52909,0.7888672,0.43476564,0.81210935,0.8160156,0.80625,0.8960937,0.8908203,0.8970703,0.8972656,0.9
53009,0.7835938,0.43359375,0.8087891,0.8142578,0.8048828,0.8953125,0.8919922,0.8990234,0.89941406,0.9007813
53109,0.7849609,0.43183595,0.8078125,0.81328124,0.8041016,0.89765626,0.89277345,0.89921874,0.90097654,0.90097654
53209,0.7814453,0.43105468,0.80683595,0.8140625,0.8003906,0.89628905,0.8921875,0.8978516,0.8984375,0.89921874
53309,0.78164065,0.43359375,0.8041016,0.815625,0.80019534,0.8964844,0.8943359,0.89765626,0.8996094,0.9001953
53409,0.78398436,0.4363281,0.80566406,0.8154297,0.79941404,0.8966797,0.8949219,0.89882815,0.90058595,0.90117186
53509,0.78515625,0.43964845,0.80507815,0.8126953,0.79960936,0.89882815,0.89570314,0.8998047,0.90175784,0.9027344
53609,0.7871094,0.43691406,0.80722654,0.8095703,0.8011719,0.8996094,0.89511716,0.9019531,0.9021484,0.9046875
53709,0.7654297,0.42734376,0.7896484,0.7910156,0.7818359,0.87460935,0.8712891,0.8791016,0.8779297,0.8814453
53809,0.76660156,0.42597657,0.78945315,0.78984374,0.7798828,0.8748047,0.87167966,0.87832034,0.8796875,0.88007814
53909,0.7654297,0.42695314,0.7884766,0.78984374,0.7810547,0.8744141,0.86992186,0.8779297,0.87949216,0.8792969
54009,0.7673828,0.42929688,0.790625,0.79179686,0.7835938,0.8748047,0.8691406,0.8785156,0.8791016,0.87949216
54109,0.7697266,0.43183595,0.78945315,0.79375,0.78632814,0.87421876,0.8683594,0.8779297,0.8792969,0.88007814
54209,0.7714844,0.43359375,0.790625,0.79375,0.78828126,0.87460935,0.8683594,0.8808594,0.87832034,0.8798828
54309,0.76777345,0.43046874,0.7871094,0.7896484,0.78515625,0.87109375,0.8628906,0.8765625,0.8730469,0.87539065
54409,0.76875,0.4296875,0.7855469,0.78828126,0.7824219,0.86972654,0.8613281,0.87578124,0.8720703,0.8720703
54509,0.7722656,0.43027344,0.7890625,0.7919922,0.7867187,0.87226564,0.8673828,0.8769531,0.8707031,0.87421876
54609,0.7732422,0.42910156,0.78984374,0.7933594,0.7830078,0.87226564,0.8660156,0.87539065,0.87050784,0.87226564
54709,0.77421874,0.4265625,0.7876953,0.7904297,0.7828125,0.86972654,0.86464846,0.8751953,0.8685547,0.8708984
54809,0.7716797,0.42949218,0.7878906,0.7890625,0.78046876,0.87050784,0.8654297,0.8763672,0.8677734,0.8708984
54909,0.7734375,0.43027344,0.78828126,0.79121095,0.7771484,0.8708984,0.865625,0.8765625,0.8666016,0.86875
55009,0.77617186,0.43125,0.7902344,0.7914063,0.77675784,0.8712891,0.86445314,0.87714845,0.8648437,0.8689453
55109,0.77558595,0.43222657,0.790625,0.7939453,0.7789062,0.8707031,0.865625,0.878125,0.8642578,0.8685547
55209,0.778125,0.43066406,0.7910156,0.79433596,0.78222656,0.87285155,0.8685547,0.88066405,0.8669922,0.8695313
55309,0.7771484,0.43222657,0.7927734,0.7931641,0.7828125,0.8734375,0.8691406,0.88125,0.865625,0.8660156
55409,0.775,0.4285156,0.79179686,0.7921875,0.7826172,0.87285155,0.8654297,0.8796875,0.8636719,0.8660156
55509,0.77128905,0.4267578,0.79296875,0.79296875,0.78203124,0.8708984,0.86386716,0.87949216,0.8623047,0.86640626
55609,0.771875,0.4265625,0.79375,0.7957031,0.7792969,0.86933595,0.865625,0.8767578,0.86269534,0.86640626
55709,0.7888672,0.43203124,0.8126953,0.8138672,0.80019534,0.8908203,0.8876953,0.89765626,0.8857422,0.8894531
55809,0.7884766,0.43496093,0.8144531,0.8138672,0.803125,0.8904297,0.8876953,0.89765626,0.88671875,0.88984376
55909,0.78867185,0.43476564,0.8154297,0.8125,0.7998047,0.88984376,0.88847655,0.8964844,0.8886719,0.89160156
56009,0.7890625,0.4341797,0.8171875,0.81171876,0.7986328,0.88984376,0.8876953,0.89628905,0.8890625,0.89316404
56109,0.78867185,0.43183595,0.8179687,0.8119141,0.79902345,0.89101565,0.8886719,0.89746094,0.88984376,0.89316404
56209,0.7875,0.42988282,0.8201172,0.8123047,0.79785156,0.8908203,0.8888672,0.89570314,0.8890625,0.89453125
56309,0.7931641,0.4345703,0.8261719,0.81640625,0.80214846,0.89570314,0.89570314,0.9003906,0.89589846,0.8972656
56409,0.7949219,0.43730468,0.82558596,0.81582034,0.8029297,0.89804685,0.8970703,0.9021484,0.8966797,0.8982422
56509,0.79648435,0.4386719,0.8269531,0.8171875,0.8035156,0.89882815,0.89628905,0.90292966,0.9001953,0.89882815
56609,0.7945312,0.440625,0.82597655,0.8167969,0.80507815,0.8982422,0.8978516,0.9042969,0.8986328,0.89921874
56709,0.79179686,0.44121093,0.8283203,0.81875,0.80390626,0.89921874,0.8964844,0.90351564,0.8986328,0.8982422
56809,0.79296875,0.43847656,0.82734376,0.8166016,0.8048828,0.8984375,0.8955078,0.9025391,0.9,0.8970703
56909,0.7957031,0.43847656,0.8244141,0.8142578,0.8033203,0.8984375,0.8972656,0.9021484,0.9021484,0.8996094
57009,0.79414064,0.43847656,0.8214844,0.81328124,0.8041016,0.896875,0.8982422,0.89941406,0.9042969,0.8996094
57109,0.7945312,0.4392578,0.8222656,0.8107422,0.80136716,0.8955078,0.89589846,0.89765626,0.9033203,0.9
57209,0.7921875,0.4392578,0.82246095,0.8082031,0.8009766,0.8955078,0.89335936,0.8964844,0.9027344,0.90058595
57309,0.790625,0.43554688,0.8220703,0.80742186,0.8015625,0.8960937,0.8929688,0.89589846,0.90351564,0.90117186
57409,0.7927734,0.4386719,0.82070315,0.8064453,0.8029297,0.8943359,0.8955078,0.8970703,0.903125,0.89804685
57509,0.79433596,0.4390625,0.8201172,0.8076172,0.8015625,0.8964844,0.89746094,0.89765626,0.90292966,0.89746094
57609,0.79375,0.43808594,0.8203125,0.80996096,0.80429685,0.8978516,0.8964844,0.8966797,0.9025391,0.8978516
57709,0.7962891,0.43730468,0.8216797,0.8095703,0.8041016,0.90097654,0.8960937,0.89882815,0.903125,0.89746094
57809,0.7884766,0.43496093,0.8167969,0.80546874,0.7992188,0.89570314,0.8894531,0.8908203,0.8955078,0.8904297
57909,0.7888672,0.43710938,0.8185547,0.80507815,0.7992188,0.89570314,0.8871094,0.89101565,0.89394534,0.88847655
